-- MySQL Script generated by MySQL Workbench
-- Tue Apr  2 20:12:16 2019
-- Model: New Model    Version: 1.0
-- MySQL Workbench Forward Engineering

SET @OLD_UNIQUE_CHECKS=@@UNIQUE_CHECKS, UNIQUE_CHECKS=0;
SET @OLD_FOREIGN_KEY_CHECKS=@@FOREIGN_KEY_CHECKS, FOREIGN_KEY_CHECKS=0;
SET @OLD_SQL_MODE=@@SQL_MODE, SQL_MODE='ONLY_FULL_GROUP_BY,STRICT_TRANS_TABLES,NO_ZERO_IN_DATE,NO_ZERO_DATE,ERROR_FOR_DIVISION_BY_ZERO,NO_ENGINE_SUBSTITUTION';

-- -----------------------------------------------------
-- Schema mydb
-- -----------------------------------------------------

-- -----------------------------------------------------
-- Schema mydb
-- -----------------------------------------------------

DROP DATABASE IF EXISTS mydb;

CREATE SCHEMA IF NOT EXISTS `mydb` DEFAULT CHARACTER SET utf8 ;
USE `mydb` ;

-- -----------------------------------------------------
-- Table `mydb`.`usuario`
-- -----------------------------------------------------
CREATE TABLE IF NOT EXISTS `mydb`.`usuario` (
  `id` INT NOT NULL AUTO_INCREMENT,
  `nome` VARCHAR(45) NOT NULL,
  `email` VARCHAR(45) NOT NULL,
  `senha` VARCHAR(45) NOT NULL,
  PRIMARY KEY (`id`),
  UNIQUE INDEX `email_UNIQUE` (`email` ASC) )
ENGINE = InnoDB;


-- -----------------------------------------------------
-- Table `mydb`.`professor`
-- -----------------------------------------------------
CREATE TABLE IF NOT EXISTS `mydb`.`professor` (
  `professor_id` INT NOT NULL,
  `administrador` INT NULL DEFAULT 0,
  `matricula` VARCHAR(45) NULL,
  PRIMARY KEY (`professor_id`),
  INDEX `fk_Professor_Usuario_idx` (`professor_id` ASC),
  UNIQUE INDEX `matricula_UNIQUE` (`matricula` ASC),
  CONSTRAINT `fk_Professor_Usuario`
    FOREIGN KEY (`professor_id`)
    REFERENCES `mydb`.`usuario` (`id`)
    ON DELETE NO ACTION
    ON UPDATE NO ACTION)
ENGINE = InnoDB;


-- -----------------------------------------------------
-- Table `mydb`.`aluno`
-- -----------------------------------------------------
CREATE TABLE IF NOT EXISTS `mydb`.`aluno` (
  `aluno_id` INT NOT NULL,
  `ra` VARCHAR(45) NOT NULL,
  PRIMARY KEY (`aluno_id`),
  UNIQUE INDEX `ra_UNIQUE` (`ra` ASC),
  CONSTRAINT `fk_Aluno_Usuario1`
    FOREIGN KEY (`aluno_id`)
    REFERENCES `mydb`.`usuario` (`id`)
    ON DELETE NO ACTION
    ON UPDATE NO ACTION)
ENGINE = InnoDB;


-- -----------------------------------------------------
-- Table `mydb`.`tema`
-- -----------------------------------------------------
CREATE TABLE IF NOT EXISTS `mydb`.`tema` (
  `id` INT NOT NULL AUTO_INCREMENT,
  `dt_cadastro` DATETIME NULL,
  `titulo` VARCHAR(100) NOT NULL,
  `introducao` VARCHAR(250) NULL,
  `requisitos` VARCHAR(1000) NULL,
  PRIMARY KEY (`id`))
ENGINE = InnoDB;


-- -----------------------------------------------------
-- Table `mydb`.`turma`
-- -----------------------------------------------------
CREATE TABLE IF NOT EXISTS `mydb`.`turma` (
  `id` INT NOT NULL AUTO_INCREMENT,
  `semestre_letivo` INT NULL,
  `ano_letivo` INT NULL,
  `sigla` VARCHAR(45) NULL,
  `tema_id` INT NULL,
  PRIMARY KEY (`id`),
  INDEX `fk_turma_tema1_idx` (`tema_id` ASC),
  UNIQUE INDEX `idx_uk_sigla_ano_semestre` (`semestre_letivo` ASC, `ano_letivo` ASC, `sigla` ASC),
  CONSTRAINT `fk_turma_tema1`
    FOREIGN KEY (`tema_id`)
    REFERENCES `mydb`.`tema` (`id`)
    ON DELETE NO ACTION
    ON UPDATE NO ACTION)
ENGINE = InnoDB;


-- -----------------------------------------------------
-- Table `mydb`.`grupo`
-- -----------------------------------------------------
CREATE TABLE IF NOT EXISTS `mydb`.`grupo` (
  `id` INT NOT NULL AUTO_INCREMENT,
  `orientador_id` INT NOT NULL,
  `numero` INT NOT NULL,
  `nome` VARCHAR(45) NULL,
  PRIMARY KEY (`id`),
  INDEX `fk_grupo_Professor1_idx` (`orientador_id` ASC),
  CONSTRAINT `fk_grupo_Professor1`
    FOREIGN KEY (`orientador_id`)
    REFERENCES `mydb`.`professor` (`professor_id`)
    ON DELETE NO ACTION
    ON UPDATE NO ACTION)
ENGINE = InnoDB;


-- -----------------------------------------------------
-- Table `mydb`.`turma_aluno`
-- -----------------------------------------------------
CREATE TABLE IF NOT EXISTS `mydb`.`turma_aluno` (
  `Aluno_id` INT NOT NULL,
  `turma_id` INT NOT NULL,
  `grupo_id` INT NULL,
  `id` INT NOT NULL AUTO_INCREMENT,
  PRIMARY KEY (`id`),
  INDEX `fk_Aluno_has_turma_turma1_idx` (`turma_id` ASC) ,
  INDEX `fk_Aluno_has_turma_Aluno1_idx` (`Aluno_id` ASC) ,
  INDEX `fk_Aluno_has_turma_grupo1_idx` (`grupo_id` ASC) ,
  INDEX `idx_aluno_turma` (`Aluno_id` ASC, `turma_id` ASC) ,
  CONSTRAINT `fk_Aluno_has_turma_Aluno1`
    FOREIGN KEY (`Aluno_id`)
    REFERENCES `mydb`.`aluno` (`aluno_id`)
    ON DELETE NO ACTION
    ON UPDATE NO ACTION,
  CONSTRAINT `fk_Aluno_has_turma_turma1`
    FOREIGN KEY (`turma_id`)
    REFERENCES `mydb`.`turma` (`id`)
    ON DELETE NO ACTION
    ON UPDATE NO ACTION,
  CONSTRAINT `fk_Aluno_has_turma_grupo1`
    FOREIGN KEY (`grupo_id`)
    REFERENCES `mydb`.`grupo` (`id`)
    ON DELETE NO ACTION
    ON UPDATE NO ACTION)
ENGINE = InnoDB;


-- -----------------------------------------------------
-- Table `mydb`.`banca`
-- -----------------------------------------------------
CREATE TABLE IF NOT EXISTS `mydb`.`banca` (
  `id` INT NOT NULL AUTO_INCREMENT,
  `grupo_id` INT NOT NULL,
  `data` DATETIME NULL,
  `sala` VARCHAR(45) NULL,
  PRIMARY KEY (`id`),
  INDEX `fk_banca_grupo1_idx` (`grupo_id` ASC) ,
  CONSTRAINT `fk_banca_grupo1`
    FOREIGN KEY (`grupo_id`)
    REFERENCES `mydb`.`grupo` (`id`)
    ON DELETE NO ACTION
    ON UPDATE NO ACTION)
ENGINE = InnoDB;


-- -----------------------------------------------------
-- Table `mydb`.`professores_banca`
-- -----------------------------------------------------
CREATE TABLE IF NOT EXISTS `mydb`.`professores_banca` (
  `banca_id` INT NOT NULL,
  `Professor_id` INT NOT NULL,
  `id` INT NOT NULL AUTO_INCREMENT,
  `avaliacao` DECIMAL(4,2) NULL,
  PRIMARY KEY (`id`),
  INDEX `fk_banca_has_Professor_Professor1_idx` (`Professor_id` ASC)  ,
  INDEX `fk_banca_has_Professor_banca1_idx` (`banca_id` ASC)  ,
  INDEX `idx_banca_prof` (`banca_id` ASC, `Professor_id` ASC)  ,
  CONSTRAINT `fk_banca_has_Professor_banca1`
    FOREIGN KEY (`banca_id`)
    REFERENCES `mydb`.`banca` (`id`)
    ON DELETE NO ACTION
    ON UPDATE NO ACTION,
  CONSTRAINT `fk_banca_has_Professor_Professor1`
    FOREIGN KEY (`Professor_id`)
    REFERENCES `mydb`.`professor` (`professor_id`)
    ON DELETE NO ACTION
    ON UPDATE NO ACTION)
ENGINE = InnoDB;


-- -----------------------------------------------------
-- Table `mydb`.`atividade`
-- -----------------------------------------------------
CREATE TABLE IF NOT EXISTS `mydb`.`atividade` (
  `id` INT NOT NULL AUTO_INCREMENT,
  `tema_id` INT NOT NULL,
  `numero` INT NULL,
  `descricao` VARCHAR(250) NULL,
  `formato_entrega` VARCHAR(45) NULL,
  `dt_inicio` DATETIME NULL,
  `dt_fim` DATETIME NULL,
  PRIMARY KEY (`id`),
  INDEX `fk_atividade_tema1_idx` (`tema_id` ASC)  ,
  CONSTRAINT `fk_atividade_tema1`
    FOREIGN KEY (`tema_id`)
    REFERENCES `mydb`.`tema` (`id`)
    ON DELETE NO ACTION
    ON UPDATE NO ACTION)
ENGINE = InnoDB;


-- -----------------------------------------------------
-- Table `mydb`.`entrega`
-- -----------------------------------------------------
CREATE TABLE IF NOT EXISTS `mydb`.`entrega` (
  `grupo_id` INT NOT NULL,
  `atividade_id` INT NOT NULL,
  `id` INT NOT NULL AUTO_INCREMENT,
  `dt_cadastro` DATETIME NOT NULL,
  PRIMARY KEY (`id`),
  INDEX `fk_grupo_has_entregas_entregas1_idx` (`atividade_id` ASC)  ,
  INDEX `fk_grupo_has_entregas_grupo1_idx` (`grupo_id` ASC)  ,
  INDEX `idx_grupo_ativ` (`grupo_id` ASC, `atividade_id` ASC)  ,
  CONSTRAINT `fk_grupo_has_entregas_grupo1`
    FOREIGN KEY (`grupo_id`)
    REFERENCES `mydb`.`grupo` (`id`)
    ON DELETE NO ACTION
    ON UPDATE NO ACTION,
  CONSTRAINT `fk_grupo_has_entregas_entregas1`
    FOREIGN KEY (`atividade_id`)
    REFERENCES `mydb`.`atividade` (`id`)
    ON DELETE NO ACTION
    ON UPDATE NO ACTION)
ENGINE = InnoDB;


-- -----------------------------------------------------
-- Table `mydb`.`avaliacao`
-- -----------------------------------------------------
CREATE TABLE IF NOT EXISTS `mydb`.`avaliacao` (
  `id` INT NOT NULL AUTO_INCREMENT,
  `entrega_id` INT NOT NULL,
  `turma_aluno_id` INT NOT NULL,
  `nota` DECIMAL(4,2) NULL,
  `dt_avaliacao` DATETIME NULL,
  `comentarios` VARCHAR(100) NULL,
  PRIMARY KEY (`id`),
  INDEX `fk_Avaliacao_entregas1_idx` (`entrega_id` ASC)  ,
  INDEX `fk_Avaliacao_Aluno_has_turma1_idx` (`turma_aluno_id` ASC)  ,
  CONSTRAINT `fk_Avaliacao_entregas1`
    FOREIGN KEY (`entrega_id`)
    REFERENCES `mydb`.`entrega` (`id`)
    ON DELETE NO ACTION
    ON UPDATE NO ACTION,
  CONSTRAINT `fk_Avaliacao_Aluno_has_turma1`
    FOREIGN KEY (`turma_aluno_id`)
    REFERENCES `mydb`.`turma_aluno` (`id`)
    ON DELETE NO ACTION
    ON UPDATE NO ACTION)
ENGINE = InnoDB;


SET SQL_MODE=@OLD_SQL_MODE;
SET FOREIGN_KEY_CHECKS=@OLD_FOREIGN_KEY_CHECKS;
SET UNIQUE_CHECKS=@OLD_UNIQUE_CHECKS;

INSERT INTO usuario (nome, email, senha) VALUES 
('Pedro Quessada','pedro.quessada@usjt.br','aluno123'),
('Jamal Miranda','jamal.miranda@gmail.com.br','aluno123'),
('Arthur Agostinho','arthur.agostinho@outlook.com','aluno123'),
('Karen Beth','karen.beth@hotmail.com','aluno123'),
('Gustavo Xinzao','gustavoxinzao@hotmail.com','aluno123'),
('Guilherme Bodelon','guigui.bo@usjt.com','aluno123'),
('Jose Fonseca ','fonseca.jose@gmai.com','admin123'),
('Zezinho da Silva','silva.zeze@hotmail.com','prof123'),
('Maria Aparecida','maria.aparecida@outlook.com','prof123'),
('Yara Faria','yara.faria@yahoo.com.br','aluno123'),
('Jaqueline Pereira','jaque.pereira@gmail.com','aluno123'),
('Bruno Nascimento','bruno.nascimento@gmail.com','aluno123'),
('Paloma Pereira','paloma.pereira@hotmail.com','aluno123'),
('Napoleao','napoleao@usjt.com','prof123'),
('Ayrton Sena','seninha@gmail.com','admin123');

INSERT INTO `aluno` VALUES 
(6,'806395712'),
(4,'80802347'),
(5,'808137324'),
(2,'81813245'),
(1,'818149040'),
(3,'818246244'),
(11,'844638549'),
(10,'846139536'),
(12,'857638068'),
(13,'986046147');

INSERT INTO `tema` VALUES 
(1,'2018-02-15 00:00:00','Java','Introducao a Java Orientado a Objetos','Logica de Programacao'),
(2,'2018-08-22 00:00:00','HTML','Introducao a HTML e CSS','Sem conhecimentos necessarios'),
(3,'2019-03-02 00:00:00','Java Web','Elaboracao de projeto utilizando Java e HTML','Java e HTML');

INSERT INTO `atividade` VALUES 
(1,1,1,'Deve ser feito um sistema de cadastro','Presencial','2018-03-01 00:00:00','2018-04-01 00:00:00'),
(2,1,2,'Deve ser feito um sistema de login','Presencial ','2018-04-02 00:00:00','2018-05-10 00:00:00'),
(3,2,1,'Deve ser eleborado um site','E-mail	','2018-09-08 00:00:00','2018-10-01 00:00:00'),
(4,2,2,'Deve se criar um site responsivo utilizado Bootstrap','GitHub','2018-10-05 00:00:00','2018-11-25 00:00:00'),
(5,3,1,'Deve ser feito um site que possua sistema de login','Presencial','2019-03-10 00:00:00','2019-03-16 00:00:00'),
(6,3,2,'Deve ser feito um sistema de cadastro de professores','GitHub','2019-03-17 00:00:00','2019-03-23 00:00:00'),
(7,3,3,'Entrega Banco de Dados','E-mail	','2019-03-24 00:00:00','2019-03-30 00:00:00'),
(8,3,4,'Deve ser feito um sistema de verificacao de plagio','GitHub','2019-03-31 00:00:00','2019-04-06 00:00:00'),
(9,3,5,'Refatoracao do codigo','Presencial','2019-04-07 00:00:00','2019-04-13 00:00:00'),
(10,3,6,'Correcao de erros projeto finalizado','GitHub','2019-04-14 00:00:00','2019-04-20 00:00:00');

INSERT INTO `professor` VALUES 
(7,0,'2019usjt8823'),
(8,1,'2005usjt3374'),
(9,0,'2000anima8234'),
(14,0,'2010anima8364'),
(15,1,'2012usjt7356');

INSERT INTO `grupo` VALUES 
(1,8,1,'Pedro Quessada'),
(2,8,1,'Karen Beth'),
(3,8,1,'Arthur Agostinho'),
(4,8,1,'Jamal Mirando'),
(5,8,1,'Guilherme Bodelon'),
(6,9,2,'Gustavo Xinzao'),
(7,9,2,'Yara Faria'),
(8,9,2,'Jaqueline Pereira'),
(9,9,2,'Bruno Nascimento'),
(10,9,2,'Paloma Pereira');

INSERT INTO `banca` VALUES 
(1,1,'2019-05-20 00:00:00','102A'),
(2,2,'2019-06-01 00:00:00','103E');

INSERT INTO `entrega` VALUES 
(1,5,1,'2019-03-15 00:00:00');

INSERT INTO `professores_banca` VALUES 
(1,7,1,80.00);

INSERT INTO `turma` VALUES 
(1,1,2019,'SIN-MCA',3),
(2,2,2018,'SIN-MCA1',2);


SELECT * FROM Usuario;
SELECT * FROM Professor;